Parameter,Value
exp_loc,0.00999998014461
exp_scale,0.129333994273
