Parameter,Value
lognorm_shape,0.846872335349
lognorm_loc,-0.000195933591773
lognorm_scale,0.0959978602324
