Parameter,Value
g^2(0),0.200998435364
a0,0.0112112018794
t0,46.5099969001
t1,3.64029885361
t2,-22457861.1445
pf,-0.92313521694
